Poblacion,IMCV,Ind Entorno de la vivienda,Ind Servicios publicos,Ind Medio ambiente,Ind Escolaridad,Ind Desescolarizacion,Ind Movilidad,Ind Capital fisico,Ind Participacion,Ind Libertad y seguridad,Ind Vulnerabilidad,Ind Salud,Ind Trabajo,Ind Recreacion,Ind Percepcion calidad de vida,Ind Ingreso per-capita,Cultura Ciudadana,Infraestructura,Medio Ambiente,Movilidad,Salud,Seguridad,Biblioteca,Desarrollo Economico,Educacion,Educacion Superior,FONVALMED,Gestion del riesgo,Gestion y Control Territorial,INR,Inclusion Social,Jovenes,Mujeres,Museo Casa la Memoria,Participacion,APP,DAP,Gestion Humana,INDER,Vivienda
130914,34.77,1.49,3.61,2.21,1.65,4.03,1.33,4.04,1.05,1.87,7.3,2.82,0.67,0.06,1.41,1.2,1740000000,1750000000,75500000,252000000,64100000000,848000000,,911000000,68000000000,1150000000,,337000000,1700000000,3560000000,21900000000,44300000,618000000,42100000,671000000,,,,,3590000000
111992,36.89,2.03,3.85,2.15,1.71,4.08,1.39,4.31,1.04,1.93,8.15,2.79,0.63,0.06,1.44,1.33,1160000000,1720000000,,228000000,49300000000,815000000,,414000000,53700000000,948000000,,30000000,1230000000,2360000000,13200000000,47500000,428000000,49700000,605000000,,,,,1730000000
160378,37.72,2.07,3.8,2.46,1.79,4.13,1.36,4.47,1.1,1.85,8.27,2.98,0.59,0.04,1.38,1.43,1350000000,1840000000,33600000,411000000,64000000000,761000000,25700000,881000000,67600000000,1990000000,,546000000,1280000000,3880000000,20400000000,49300000,630000000,53200000,542000000,,,,,2390000000
162596,43.73,3.47,3.92,2.39,2,4.16,1.51,5.74,1.17,1.9,10.65,3.21,0.62,0.02,1.43,1.56,6500000000,31300000000,,277000000,46500000000,1100000000,,1140000000,63500000000,1690000000,,221000000,1150000000,3730000000,17300000000,73300000,510000000,46600000,615000000,,,,,867000000
150347,48.69,4.34,4.1,2.73,2.29,4.25,1.57,6.45,1.39,1.7,12.31,3.44,0.71,0.04,1.49,1.83,805000000,32400000000,,330000000,27600000000,769000000,7620000,998000000,57700000000,1410000000,,,754000000,6730000000,11600000000,198000000,579000000,50200000,629000000,980000000,,,,367000000
194239,41.43,2.6,4.04,2.67,1.93,4.18,1.49,5.14,1.27,1.82,9.48,3.13,0.61,0.03,1.5,1.51,3090000000,1820000000,256000000,445000000,60500000000,826000000,,745000000,65300000000,1750000000,,279000000,1540000000,4090000000,13600000000,59000000,707000000,44600000,805000000,252000000,,,,1070000000
173075,45.64,3.51,4.03,2.89,2.39,4.2,1.47,5.96,1.32,1.79,10.76,3.41,0.65,0.06,1.5,1.78,4850000000,6570000000,427000000,398000000,41600000000,1080000000,,1320000000,71600000000,3540000000,,30000000,1100000000,3780000000,19600000000,59400000,643000000,93200000,845000000,,,,,1480000000
138045,38.76,2.34,3.71,2.5,1.97,4.11,1.39,4.72,1.16,1.77,8.69,3.08,0.6,0.06,1.43,1.39,2990000000,10500000000,901000000,301000000,58100000000,564000000,,718000000,68400000000,1960000000,,221000000,1640000000,5190000000,18000000000,168000000,664000000,58300000,708000000,252000000,,,,2130000000
137049,49.39,4.4,4.11,2.92,2.5,4.23,1.57,6.65,1.33,1.92,11.97,3.6,0.68,0.07,1.6,1.9,1640000000,10200000000,256000000,807000000,31200000000,767000000,,715000000,51100000000,2390000000,,221000000,849000000,3520000000,11500000000,39800000,389000000,95300000,528000000,252000000,,,,2640000000
85587,55.91,6.6,4,2.43,2.97,4.33,1.59,7.6,1.38,1.68,14.72,3.68,0.72,0.07,1.56,2.37,5990000000,23500000000,,704000000,12800000000,5830000000,,2120000000,38400000000,449000000,,,1370000000,2730000000,30800000000,25400000,205000000,91700000,447000000,3110000000,,,,134000000
122503,70.38,8.78,4.28,3.16,3.88,4.47,1.74,10.9,1.68,1.82,19.81,4.18,0.7,0.07,1.78,3.07,1300000000,905000000,,591000000,4040000000,1380000000,5650000000,981000000,15400000000,290000000,,,190000000,12800000000,2170000000,20900000,120000000,56300000,386000000,317000000,,,,17127090
96613,63.46,7.48,4.24,3.35,3.19,4.33,1.7,9.34,1.55,1.87,17.23,4.02,0.7,0.08,1.66,2.57,2110000000,629000000,,347000000,5750000000,617000000,,464000000,37500000000,769000000,,,253000000,2410000000,11000000000,34500000,141000000,49200000,522000000,,,,,52627175
138625,39.23,2.49,3.79,2.45,2.06,4.12,1.44,5.02,1.21,1.73,8.04,3.16,0.62,0.07,1.47,1.57,2810000000,470000000,,1560000000,56000000000,1350000000,7990000,1220000000,55000000000,1470000000,,123000000,1490000000,4160000000,16100000000,44100000,642000000,80100000,655000000,,,,,2190000000
130206,75.48,9.35,4.34,3.4,4.66,4.52,1.73,12.39,1.67,1.91,21.01,4.33,0.73,0.08,1.83,3.46,1620000000,7940000000,,632000000,4240000000,2070000000,,3610000000,16800000000,360000000,90200000,,248000000,2220000000,1680000000,19300000,73500000,59800000,322000000,452000000,,,,2700000
94960,49.39,5.15,4.12,2.67,2.39,4.24,1.6,6.83,1.41,1.83,12.2,3.4,0.56,0.06,1.5,1.77,1960000000,1790000000,,374000000,13200000000,733000000,,973000000,26200000000,495000000,,,340000000,3780000000,4170000000,35600000,114000000,45100000,502000000,576000000,,,,31500000
197123,56.67,5.95,4.22,2.99,2.96,4.35,1.56,8.21,1.44,1.78,14.8,3.86,0.65,0.08,1.66,2.31,3330000000,7920000000,598000000,530000000,26700000000,1130000000,,1870000000,45200000000,2000000000,,92800000,731000000,6030000000,8700000000,49500000,336000000,64900000,609000000,192000000,,,,217000000
6687,37.71,1.68,2.66,4.89,1.69,4.1,1.48,4.35,1.36,2.14,7.25,2.62,0.77,0.11,1.46,1.39,359000000,173000000,365000000,169000000,390000000,158000000,,1320000000,6860000000,38400000,,,249000000,678000000,714000000,20100,59500000,40500000,348000000,,,,,124000000
86315,39.69,2.75,3.64,2.56,2.03,4.14,1.35,4.97,1.12,1.81,9.16,2.6,0.71,0.04,1.45,1.32,1900000000,1460000000,339000000,171000000,4650000000,509000000,,1370000000,43600000000,577000000,,60000000,1430000000,4870000000,14000000000,38200000,358000000,42100000,602000000,457000000,,,,4960000000
37478,45.06,3.66,3.62,3.05,2.21,4.12,1.3,6.05,1.21,1.72,10.74,3.42,0.68,0.04,1.53,1.71,554000000,1280000000,365000000,189000000,1990000000,206000000,,439000000,11900000000,220000000,,,584000000,1040000000,2180000000,2410000,124000000,40500000,523000000,,,,,258000000
113202,44.77,3.19,3.95,3.17,2.19,4.14,1.45,5.7,1.37,1.79,10.43,3.43,0.75,0.02,1.46,1.66,2590000000,2460000000,339000000,179000000,4640000000,507000000,12700000,1460000000,47700000000,461000000,,153000000,565000000,4270000000,7690000000,13500000,224000000,41600000,732000000,,,,,259000000
18789,37.19,1.96,2.49,4.11,1.81,4.15,1.05,4.54,1.16,1.91,8.04,2.91,0.8,0.03,1.36,1.28,896000000,476000000,3480000000,2650000000,967000000,237000000,,1060000000,7140000000,135000000,,,837000000,893000000,1270000000,20100,139000000,40500000,420000000,,,,,1078995
131445,33.97,1.42,3.47,2.19,1.58,4.08,1.32,3.94,1.04,1.69,7.14,2.85,0.47,0.08,1.4,1.27,1280000000,4580000000,126000000,84900000,67400000000,2520000000,,4060000000,71700000000,7480000000,,518000000,4930000000,,22000000000,131000000,480000000,25900000,1250000000,,311000000,188000000,2120000000,8410000000
112514,36.6,1.98,3.78,2.2,1.76,4.1,1.43,4.27,1.15,1.69,8.08,2.75,0.55,0.08,1.48,1.34,693000000,32800000000,,19800000,51800000000,1440000000,,3550000000,60500000000,9790000000,,357000000,3820000000,,14400000000,130000000,436000000,18400000,1060000000,,259000000,190000000,2040000000,7680000000
161070,37.28,2.05,3.62,2.41,1.86,4.16,1.28,4.29,1.12,1.73,8.34,3.01,0.48,0.08,1.41,1.46,1240000000,1230000000,1370000000,303000000,66900000000,2310000000,,11100000000,77500000000,7600000000,,647000000,5670000000,,23600000000,111000000,738000000,28600000,945000000,,369000000,305000000,2490000000,5620000000
162915,43.27,3.47,3.89,2.44,2.06,4.2,1.46,5.42,1.17,1.74,10.69,3.04,0.44,0.06,1.48,1.56,9360000000,46900000000,149000000,404000000,47800000000,7200000000,104000000,5030000000,72000000000,6720000000,,532000000,5600000000,,17500000000,149000000,421000000,19400000,957000000,,1240000000,190000000,2760000000,3460000000
150881,46.81,4.3,4.01,2.64,2.11,4.24,1.51,6.08,1.13,1.67,12.15,3.18,0.46,0.06,1.49,1.6,682000000,67100000000,792000000,428000000,27900000000,6590000000,28600000,4730000000,75000000000,5750000000,,511000000,5900000000,,15200000000,151000000,641000000,27800000,832000000,,242000000,228000000,3700000000,711000000
194787,39.99,2.53,3.92,2.45,2.03,4.16,1.43,4.82,1.16,1.64,9.21,3.06,0.51,0.07,1.43,1.46,1720000000,65400000000,436000000,81000000,62600000000,2640000000,,5490000000,74000000000,11100000000,,812000000,6160000000,,14700000000,161000000,604000000,33900000,1210000000,,386000000,190000000,2460000000,9460000000
174406,44.9,3.49,3.96,2.73,2.43,4.22,1.36,5.72,1.24,1.58,10.87,3.22,0.54,0.08,1.47,1.65,1900000000,29600000000,1480000000,418000000,42800000000,5890000000,,6770000000,106000000000,23000000000,,516000000,7200000000,,21400000000,263000000,794000000,37700000,823000000,,318000000,304000000,2750000000,7920000000
138542,38.41,2.3,3.67,2.41,1.99,4.12,1.35,4.56,1.12,1.69,8.79,2.95,0.53,0.05,1.4,1.32,2090000000,23500000000,1040000000,19300000,61000000000,3270000000,,4030000000,76700000000,9500000000,,783000000,6230000000,,19600000000,189000000,719000000,95800000,997000000,,336000000,190000000,4740000000,9800000000
137255,48.21,4.34,3.97,2.74,2.47,4.3,1.47,6.33,1.23,1.71,12.29,3.39,0.58,0.1,1.52,1.78,1850000000,22500000000,354000000,76800000,31500000000,5090000000,,4020000000,57900000000,5940000000,,524000000,5280000000,,12800000000,116000000,456000000,64800000,1050000000,,258000000,228000000,2410000000,4100000000
85658,55.29,6.46,3.78,2.58,2.79,4.35,1.53,7.34,1.38,1.58,15.45,3.5,0.57,0.06,1.47,2.19,9230000000,154000000000,68300000,3190000000,12400000000,36200000000,,6980000000,60900000000,1860000000,,531000000,8970000000,,25500000000,665000000,284000000,161000000,719000000,,90300000,228000000,3280000000,255000000
122744,68.91,8.81,4.1,2.98,3.76,4.43,1.65,10.44,1.58,1.78,19.79,3.99,0.58,0.11,1.74,2.9,1820000000,13500000000,141000000,2610000000,2940000000,12600000000,1500000000,4940000000,13600000000,1460000000,,444000000,8610000000,,3490000000,103000000,139000000,69400000,699000000,,60500000,190000000,4740000000,52300000
96918,62.19,7.45,4.21,3.08,3.36,4.41,1.61,8.94,1.47,1.82,17.33,3.8,0.58,0.11,1.68,2.5,1410000000,2040000000,271000000,548000000,5010000000,4920000000,,3580000000,41300000000,2430000000,,327000000,3450000000,,6410000000,82800000,170000000,29400000,1020000000,,74900000,152000000,2720000000,155000000
139175,40.06,2.54,3.76,2.51,2.08,4.23,1.38,4.8,1.26,1.64,9.33,3.01,0.52,0.06,1.45,1.47,1360000000,12900000000,492000000,2120000000,58600000000,5690000000,52400000,5150000000,50900000000,6220000000,,428000000,6380000000,,21900000000,225000000,699000000,33200000,1460000000,,329000000,266000000,2780000000,9020000000
131486,75.34,9.39,4.22,3.42,4.69,4.52,1.69,12.34,1.6,1.84,21.11,4.17,0.76,0.14,1.83,3.5,2730000000,21200000000,396000000,3720000000,3130000000,11700000000,,6350000000,35500000000,1410000000,,394000000,7480000000,,3790000000,65900000,106000000,48400000,710000000,,60300000,266000000,1050000000,33000000
95397,50.99,5.2,4.08,2.52,2.28,4.33,1.57,6.94,1.28,1.71,13.56,3.65,0.5,0.09,1.58,1.75,1030000000,16400000000,318000000,368000000,13000000000,3520000000,,3210000000,32700000000,2150000000,,341000000,4430000000,,4610000000,95300000,167000000,13400000,1010000000,,115000000,152000000,4660000000,61200000
197399,56.11,5.93,4.16,2.83,3.11,4.35,1.47,7.89,1.41,1.73,15.08,3.74,0.61,0.11,1.63,2.18,2200000000,20800000000,883000000,606000000,26300000000,6990000000,,7740000000,45800000000,5130000000,,430000000,7550000000,,9940000000,241000000,306000000,41200000,977000000,,249000000,304000000,6830000000,1390000000
7061,37.09,1,2.86,4.93,2.14,4.05,1.4,4.53,1.63,2.12,6.92,2.3,0.57,0.13,1.54,1.11,251000000,1740000000,719000000,,273000000,803000000,,3740000000,11500000000,2240000000,,4520000000,3540000000,,724000000,43800000,106000000,1430000,699000000,,10000000,23400000,453000000,109000000
93072,40.38,2.56,3.54,3.11,1.95,4.14,1.44,4.8,1.16,1.71,9.21,2.98,0.59,0.06,1.48,1.45,1060000000,4160000000,589000000,26500000,4080000000,2020000000,,3940000000,44900000000,3560000000,,325000000,8920000000,,10500000000,165000000,397000000,85200000,1240000000,,162000000,76000000,2660000000,7060000000
38574,43.62,3.71,3.29,3.1,2.37,4.22,1.43,5.34,0.95,1.55,11.51,2.99,0.42,0.08,1.55,1.44,466000000,17300000000,11500000000,9060000,1620000000,863000000,,1090000000,9320000000,3410000000,,277000000,2950000000,,2920000000,68000000,171000000,2790000,790000000,,60500000,37500000,622000000,450000000
117594,43.96,3.36,3.81,2.88,2.18,4.18,1.39,5.51,1.24,1.71,10.6,3.41,0.63,0.07,1.52,1.56,989000000,1920000000,188000000,82300000,3620000000,2040000000,17500000,1980000000,41200000000,3970000000,,5230000000,4750000000,,9560000000,168000000,346000000,6220000,925000000,,183000000,76000000,1980000000,349000000
19559,39.5,2.3,2.56,3.36,2,4.03,1.25,4.99,1.15,1.94,9.05,3.17,0.57,0.08,1.55,1.41,3280000000,4310000000,28500000000,2970000,714000000,933000000,,1820000000,6410000000,3010000000,,303000000,4540000000,,1590000000,88600000,158000000,4380000,655000000,,21900000,14700000,730000000,183000000
108660,34.75,1.43,3.54,2.25,1.73,4.04,1.37,3.94,1.12,1.74,6.96,3.05,0.54,0.07,1.43,1.38,1250000000,2490000000,2240000000,1730000,4210000000,3040000000,379000000,5230000000,77200000000,13900000000,,1520000000,12800000000,,23000000000,,773000000,16200000,1330000000,,325000000,,3350000000,4350000000
95691,37.08,2.01,3.76,2.26,1.81,4.11,1.38,4.34,1.15,1.79,8,2.96,0.55,0.03,1.44,1.41,845000000,3060000000,903000000,2560000,3560000000,2710000000,126000000,6170000000,68700000000,10700000000,,327000000,11500000000,,15700000000,,694000000,20500000,1170000000,,267000000,,2800000000,6810000000
139128,37.45,2,3.72,2.47,1.82,4.17,1.34,4.4,1.15,1.71,8.13,3.03,0.47,0.08,1.39,1.49,1470000000,2020000000,4330000000,60600000,5510000000,3090000000,,10400000000,81800000000,17800000000,,883000000,18500000000,,24500000000,,692000000,63000000,1170000000,,472000000,,3450000000,6310000000
143175,44.12,3.47,3.91,2.44,2.01,4.22,1.51,5.61,1.32,1.79,10.66,3.19,0.51,0.1,1.49,1.66,5490000000,5790000000,1750000000,555000000,3800000000,10500000000,39300000,6620000000,71300000000,15300000000,,511000000,16400000000,,20300000000,,831000000,25500000,1280000000,,516000000,,3580000000,6740000000
135720,48.06,4.29,4.04,2.64,2.23,4.29,1.58,6.32,1.34,1.73,12.13,3.36,0.6,0.1,1.51,1.89,624000000,6890000000,822000000,237000000,3160000000,10400000000,39300000,4930000000,77300000000,15100000000,,370000000,11400000000,,15100000000,,590000000,34000000,1130000000,,316000000,,4460000000,8380000000
170327,40.79,2.56,4.05,2.57,1.91,4.15,1.52,4.96,1.28,1.76,9.17,3.15,0.49,0.08,1.46,1.55,2380000000,4540000000,1170000000,19700000,4160000000,3720000000,126000000,4640000000,76900000000,16900000000,,580000000,19200000000,,14600000000,,947000000,54000000,1410000000,,383000000,,4510000000,3730000000
153728,46.12,3.53,4.02,2.89,2.53,4.21,1.46,5.92,1.38,1.62,10.8,3.54,0.52,0.09,1.56,1.83,1780000000,8680000000,1420000000,366000000,2910000000,6950000000,253000000,5220000000,116000000000,33500000000,,516000000,17500000000,,25300000000,,1080000000,79500000,1140000000,,321000000,,2680000000,15500000000
118828,39.67,2.3,3.71,2.47,2,4.19,1.44,4.9,1.24,1.75,8.85,3.11,0.49,0.07,1.48,1.53,2130000000,9860000000,2260000000,30800000,2730000000,4130000000,126000000,4000000000,77000000000,15600000000,,2530000000,19400000000,,19800000000,,805000000,127000000,1200000000,,441000000,,4650000000,4650000000
123332,49.91,4.4,4,2.91,2.52,4.3,1.63,6.64,1.35,1.86,12.39,3.62,0.56,0.07,1.61,1.99,1720000000,6910000000,1110000000,67700000,3670000000,6360000000,126000000,4690000000,58800000000,16300000000,,413000000,12800000000,,14200000000,,413000000,87600000,1260000000,,258000000,,3350000000,7990000000
79280,56.42,6.59,4,2.55,3,4.39,1.66,7.52,1.51,1.58,15.51,3.66,0.57,0.14,1.58,2.32,8270000000,108000000000,691000000,4140000000,1970000000,44900000000,,4390000000,61900000000,3050000000,,420000000,10500000000,,25900000000,,434000000,162000000,1100000000,,75400000,,2800000000,2980000000
116660,69.62,8.81,4.18,3.13,3.86,4.49,1.72,10.53,1.71,1.74,19.86,4.14,0.49,0.13,1.73,3.11,1680000000,8500000000,1260000000,3930000000,3030000000,14300000000,3650000000,5850000000,12800000000,4050000000,,346000000,9170000000,,2930000000,,122000000,54700000,974000000,,19400000,,7360000000,612000000
91987,61.94,7.28,4.1,3.19,3.21,4.4,1.73,8.83,1.62,1.69,16.93,3.99,0.53,0.14,1.67,2.66,2530000000,3460000000,1060000000,58500000,2780000000,6000000000,126000000,3130000000,35800000000,4760000000,,195000000,8600000000,,11700000000,,215000000,26700000,1050000000,,139000000,,2230000000,489000000
119309,40.42,2.41,3.81,2.78,2.16,4.13,1.41,4.98,1.37,1.22,8.92,3.18,0.52,0.08,1.45,1.67,1380000000,14900000000,2360000000,1240000000,2600000000,6850000000,292000000,4180000000,57300000000,17600000000,,483000000,13200000000,,20000000000,,994000000,29100000,1500000000,,437000000,,2740000000,4680000000
124967,76.6,9.41,4.3,3.52,4.84,4.46,1.8,12.74,1.81,1.78,21.07,4.42,0.67,0.16,1.92,3.64,3160000000,16500000000,1350000000,5590000000,1700000000,15300000000,126000000,6480000000,16600000000,3410000000,,357000000,8700000000,,2740000000,,62600000,66000000,974000000,,12300000,,1720000000,278000000
87302,52.35,5.23,4.08,2.82,2.34,4.4,1.6,6.86,1.43,1.72,13.7,3.75,0.65,0.1,1.62,2.04,928000000,,,,,,,,25500000000,0,,,,,,,,,1240000000,,,,,
179908,57.43,6.02,4.14,2.98,3.08,4.35,1.56,8.19,1.53,1.73,15.12,3.92,0.58,0.1,1.63,2.48,2990000000,28100000000,9930000000,218000000,4370000000,9010000000,126000000,8370000000,45300000000,8950000000,,5280000000,12400000000,,11300000000,,512000000,79800000,1280000000,,307000000,,5190000000,5650000000
6496,39.22,1.8,2.87,4.82,2.06,3.87,1.31,4.36,1.4,2.09,8.1,3.03,0.58,0.08,1.64,1.32,201000000,5220000000,1140000000,,106000000,1020000000,126000000,3280000000,8290000000,1140000000,,441000000,3620000000,,1330000000,,33700000,24400,984000000,,8830000,,479000000,97654950
84816,38.76,2.19,3.59,2.95,1.97,4.07,1.43,4.62,1.19,1.7,8.5,2.83,0.58,0.03,1.44,1.48,1040000000,3260000000,1540000000,14700000,2000000000,2680000000,126000000,4970000000,45500000000,10500000000,,327000000,16000000000,,12300000000,,665000000,36800000,1290000000,,161000000,,3250000000,8290000000
33083,39.44,2.49,3.19,3.14,1.95,4.1,1.46,4.5,1.14,1.51,9.03,3.13,0.46,0.03,1.45,1.38,323000000,6610000000,20000000000,2390,1460000000,1140000000,126000000,1340000000,8490000000,4330000000,,179000000,6340000000,,4230000000,,267000000,1380000,1000000000,,143000000,,747000000,792000000
104561,45.7,3.38,3.94,3.09,2.19,4.22,1.41,5.62,1.31,1.8,10.89,3.66,0.61,0.04,1.62,1.75,1110000000,4360000000,1590000000,2160000,4040000000,2790000000,292000000,2270000000,42800000000,9390000000,,970000000,10100000000,,12200000000,,440000000,8100000,1370000000,,263000000,,3250000000,860000000
17163,45.57,3.29,2.7,3.97,2.52,4,1.44,6.25,1.45,2.04,10.5,3.07,0.61,0,1.59,1.77,676000000,3010000000,5930000000,44800,364000000,1290000000,126000000,1700000000,6960000000,2380000000,,169000000,7950000000,,2050000000,,216000000,86700,968000000,,106000000,,691000000,173000000
132482,33.95,1.43,3.54,2.17,1.74,4.08,1.35,3.8,1.08,1.69,6.92,2.87,0.4,0.07,1.39,1.29,2270000000,3350000000,182000000,68500000,71100000000,2600000000,,8350000000,80000000000,8660000000,,1270000000,17900000000,,23400000000,258000000,855000000,260000000,,,1040000000,234000000,2790000000,11627094591
113520,36.48,2,3.8,2.06,1.94,4.1,1.37,4.23,1.15,1.7,7.93,2.86,0.42,0.07,1.45,1.37,1250000000,1800000000,288000000,140000000,55300000000,2110000000,,6590000000,69300000000,7280000000,,492000000,15000000000,,15500000000,283000000,557000000,20100000,,,890000000,175000000,2400000000,5067137893
162374,37.88,2,3.71,2.25,1.93,4.15,1.39,4.4,1.16,1.71,8.21,3.13,0.43,0.08,1.48,1.57,1710000000,6870000000,356000000,406000000,73500000000,3030000000,,18500000000,91500000000,10700000000,,1210000000,21700000000,,22700000000,230000000,1080000000,45300000,,,1200000000,292000000,3380000000,9698123859
163489,43.6,3.43,3.87,2.4,2.08,4.21,1.54,5.39,1.2,1.79,10.57,3.2,0.54,0.1,1.5,1.69,9240000000,5390000000,1050000000,905000000,53200000000,5570000000,110000000,8490000000,81800000000,11000000000,,744000000,16900000000,,19300000000,290000000,773000000,74000000,,,972000000,234000000,3800000000,4180000000
151785,48.52,4.3,4.06,2.8,2.21,4.22,1.65,6.32,1.38,1.66,12.04,3.57,0.53,0.07,1.65,2.04,956000000,1340000000,398000000,528000000,31500000000,3970000000,40000000,6470000000,78200000000,9140000000,,612000000,13200000000,,15100000000,331000000,724000000,28100000,,89500000,828000000,234000000,6690000000,7920131569
195800,41.21,2.55,3.98,2.66,1.91,4.22,1.58,4.9,1.23,1.79,9.25,3.2,0.49,0.08,1.55,1.7,3880000000,2080000000,639000000,75400000,68500000000,3330000000,,7400000000,82000000000,10400000000,,956000000,25400000000,,14700000000,438000000,881000000,133000000,,,1220000000,175000000,4510000000,7115737515
176810,46.21,3.53,4,2.85,2.49,4.25,1.48,5.85,1.36,1.64,10.89,3.53,0.56,0.08,1.58,2.01,3850000000,1440000000,1750000000,866000000,49100000000,17000000000,,7950000000,106000000000,35100000000,,756000000,22600000000,,21700000000,780000000,1150000000,172000000,,,1070000000,409000000,5900000000,5064654746
139493,39.49,2.29,3.71,2.53,2.15,4.1,1.47,4.62,1.16,1.77,8.6,3.25,0.52,0.09,1.47,1.59,3710000000,7040000000,1690000000,225000000,67300000000,3330000000,,5860000000,85300000000,10000000000,,1580000000,20800000000,,20600000000,286000000,1050000000,183000000,,,1120000000,175000000,4220000000,6950000000
137494,49.85,4.4,3.97,3.03,2.6,4.29,1.66,6.39,1.3,1.88,12.26,3.67,0.51,0.06,1.56,2.03,2240000000,3390000000,1110000000,841000000,35800000000,3770000000,,7060000000,94000000000,9760000000,,664000000,15400000000,,13200000000,252000000,560000000,164000000,,89500000,871000000,292000000,3290000000,9740000000
85783,56.13,6.64,3.88,2.36,3.06,4.4,1.59,7.46,1.36,1.57,15.36,3.68,0.55,0.11,1.58,2.43,11300000000,15600000000,471000000,2960000000,16200000000,26500000000,,6520000000,52900000000,1320000000,,785000000,12800000000,,31200000000,255000000,575000000,162000000,,2560000000,412000000,234000000,1980000000,563088532
123185,70.31,8.8,4.18,3.26,3.96,4.51,1.9,10.35,1.68,1.7,19.85,4.18,0.55,0.14,1.77,3.23,2120000000,5950000000,691000000,2540000000,4030000000,7420000000,747000000,6230000000,14900000000,836000000,,504000000,7740000000,,2770000000,155000000,185000000,133000000,,678000000,312000000,175000000,14800000000,222000000
97457,63.29,7.5,4.11,3.23,3.47,4.47,1.65,8.97,1.62,1.61,17.43,4,0.59,0.11,1.68,2.76,2360000000,3300000000,405000000,528000000,6500000000,3190000000,,4330000000,56100000000,2180000000,,350000000,5470000000,,6220000000,160000000,281000000,130000000,,,381000000,175000000,2800000000,284943079
140243,39.97,2.42,3.82,2.49,2.11,4.16,1.43,4.77,1.21,1.54,8.89,3.28,0.41,0.09,1.53,1.64,3260000000,4310000000,869000000,1410000000,65500000000,4840000000,50000000,6320000000,58700000000,10800000000,,653000000,22600000000,,23700000000,380000000,1050000000,29500000,,,1110000000,292000000,4740000000,8569191754
133814,76.68,9.39,4.33,3.46,5.16,4.49,1.75,12.62,1.77,1.77,21.05,4.46,0.64,0.11,1.89,3.71,3610000000,12600000000,974000000,2750000000,3860000000,9770000000,,6500000000,21900000000,275000000,,581000000,8190000000,,2950000000,131000000,121000000,29600000,,3840000000,291000000,292000000,1130000000,165000000
96142,52.11,5.27,4.05,2.6,2.48,4.29,1.56,6.94,1.42,1.84,13.57,3.71,0.56,0.07,1.54,1.99,2070000000,5200000000,431000000,843000000,14900000000,3060000000,,4750000000,34200000000,1460000000,,307000000,8670000000,,5300000000,187000000,158000000,11800000,,,493000000,175000000,5950000000,609266024
197593,57.58,6.04,4.13,2.99,3.19,4.34,1.67,8.05,1.47,1.77,15.02,3.93,0.54,0.08,1.64,2.42,4030000000,11400000000,2590000000,1130000000,30500000000,5600000000,,10900000000,58500000000,4610000000,,951000000,16500000000,,10200000000,283000000,535000000,122000000,,,820000000,351000000,6540000000,880000000
7819,36.09,1.55,2.64,4.29,1.53,3.86,1.42,4.26,1.37,2.07,7.38,2.58,0.41,0.07,1.56,1.09,456000000,4360000000,277000000,76700000,2900000000,779000000,,4990000000,6360000000,354000000,,189000000,1630000000,,1360000000,94500000,104000000,3470000,,,225000000,6590000,606000000,5040000000
105977,41.58,2.66,3.58,3.25,2.19,4.22,1.45,4.9,1.32,1.73,9.41,3.09,0.53,0.08,1.48,1.6,3190000000,7540000000,850000000,266000000,29600000000,2050000000,,8370000000,55500000000,4940000000,,441000000,23400000000,,15300000000,292000000,614000000,695000,,,629000000,87600000,3650000000,3418263765
40911,47.77,3.99,3.42,3.2,2.76,4.23,1.51,6.04,1.22,1.48,11.57,3.48,0.55,0.1,1.46,1.95,670000000,3710000000,42000000000,101000000,10100000000,1430000000,,1800000000,12400000000,1740000000,,303000000,9680000000,,3710000000,161000000,363000000,8970000,,,352000000,15200000,1210000000,1180000000
126285,46.01,3.39,3.91,3.14,2.2,4.33,1.56,5.41,1.29,1.95,10.92,3.8,0.55,0.06,1.55,1.9,2740000000,5460000000,496000000,149000000,20200000000,2330000000,35000000,4340000000,55800000000,5560000000,,1250000000,19800000000,,11400000000,312000000,311000000,16700000,,,666000000,114000000,3730000000,2250000000
21081,41.58,2.57,2.79,3.93,2.55,4.08,1.4,5.5,1.12,1.82,9.23,2.84,0.48,0.07,1.5,1.76,1980000000,1830000000,2940000000,229000000,4250000000,1040000000,,3760000000,8640000000,797000000,,432000000,12300000000,,2330000000,102000000,126000000,347000,,,254000000,23000000,946000000,322000000
132991,35.59812,0.792676869,3.041035769,2.9906,1.703320757,3.235018341,1.774613377,2.785626635,1.232012617,1.962311786,7.713328388,3.671127853,0.483088785,0,1.490743049,2.464686857,2340000000,3450000000,188000000,70600000,73300000000,2680000000,0,8600000000,82400000000,8920000000,0,1310000000,18400000000,0,24100000000,266000000,881000000,268000000,0,0,1080000000,241000000,2870000000,12000000000
114007,38.51005,1.166910036,3.241113826,2.528084565,1.829645725,3.2231168,1.869964521,3.324986686,1.560233455,1.995612217,8.953171752,3.844598385,0.569565382,0,1.543513527,2.535283965,1280000000,1850000000,297000000,144000000,57000000000,2170000000,0,6790000000,71400000000,7500000000,0,507000000,15400000000,0,16000000000,291000000,574000000,20700000,0,0,917000000,181000000,2470000000,5220000000
162990,39.74487,1.337009458,3.234047661,2.780009889,1.94180215,3.227172913,1.634746147,3.520492918,1.329193872,1.987229176,9.895229004,3.853609258,0.509166741,0,1.55206643,2.721203996,1760000000,7080000000,366000000,418000000,75800000000,3120000000,0,19000000000,94200000000,11000000000,0,1240000000,22300000000,0,23400000000,237000000,1110000000,46700000,0,0,1230000000,301000000,3480000000,9990000000
163748,43.87505,1.798237098,3.2791375,3.135062451,2.120594591,3.22971704,1.808761907,4.044539081,1.214660857,1.977607955,12.12744239,4.169048286,0.543042308,0,1.58951889,2.78882611,9520000000,5550000000,1080000000,933000000,54800000000,5740000000,113000000,8740000000,84300000000,11300000000,0,766000000,17400000000,0,19900000000,299000000,796000000,76200000,0,0,1000000000,241000000,3910000000,4310000000
152158,47.94048,2.128001861,3.338988889,3.223654244,2.183714817,3.236503997,1.921978537,4.933521739,1.514550241,1.983496894,13.68736637,4.229365063,0.559388284,0,1.614231151,3.09657581,984000000,1380000000,409000000,544000000,32500000000,4090000000,41200000,6660000000,80500000000,9420000000,0,631000000,13600000000,0,15600000000,341000000,745000000,29000000,0,92100000,853000000,241000000,6890000000,8160000000
196267,42.73247,1.530192041,3.375416524,3.354212506,1.982072169,3.240021358,1.862888352,3.995545643,1.587046493,1.989534357,10.90185319,4.116896201,0.504728957,0,1.587670863,2.809551529,3990000000,2140000000,658000000,77700000,70600000000,3430000000,0,7620000000,84500000000,10700000000,0,985000000,26100000000,0,15100000000,451000000,908000000,137000000,0,0,1260000000,181000000,4650000000,7330000000
177874,42.98343,1.449084859,3.230893279,3.462411781,2.404275569,3.210027269,1.816127964,4.144295635,1.495616918,1.981086327,10.1289321,4.144463176,0.543021437,0,1.597307184,2.858416107,3960000000,1480000000,1800000000,892000000,50600000000,17500000000,0,8190000000,109000000000,36200000000,0,779000000,23300000000,0,22400000000,804000000,1180000000,177000000,0,0,1110000000,422000000,6080000000,5220000000
139950,39.75321,1.255308292,3.081125868,3.332483776,2.09985046,3.209673051,1.838581388,3.556157999,0.882991528,1.975760478,9.149236909,3.849892613,0.476055656,0,1.55733096,2.778242992,3820000000,7250000000,1740000000,232000000,69400000000,3430000000,0,6040000000,87900000000,10300000000,0,1630000000,21400000000,0,21200000000,295000000,1080000000,189000000,0,0,1150000000,181000000,4350000000,7160000000
137533,46.17987,1.897584719,3.304541013,3.556843706,2.431990996,3.208532048,1.869015188,4.500086856,1.393949559,1.996188249,12.25490339,4.217691463,0.561443149,0,1.641431259,2.892622016,2300000000,3490000000,1140000000,866000000,36800000000,3880000000,0,7270000000,96800000000,10100000000,0,684000000,15900000000,0,13600000000,260000000,577000000,169000000,0,92100000,897000000,301000000,3390000000,10000000000
85841,53.30388,2.738975601,3.18432945,3.14971578,2.883035289,3.227964737,1.818875505,5.427882294,1.616461264,1.956152844,15.61077845,4.334713158,0.603262956,0,1.658595548,2.938293554,11700000000,16100000000,485000000,3050000000,16700000000,27300000000,0,6710000000,54500000000,1360000000,0,809000000,13100000000,0,32100000000,262000000,592000000,167000000,0,2640000000,425000000,241000000,2040000000,580000000
123389,66.57553,4.343765862,3.357425665,3.599731632,4.34773637,3.251874166,1.915001653,7.72655629,1.609598439,1.97903307,23.74036281,4.681284846,0.662608943,0,1.802166146,3.420230753,2190000000,6130000000,711000000,2620000000,4150000000,7640000000,769000000,6420000000,15300000000,861000000,0,519000000,7970000000,0,2850000000,160000000,191000000,137000000,0,698000000,321000000,181000000,15200000000,229000000
97698,60.12283,3.562755648,3.3918,3.49312601,3.31834375,3.256993522,1.829381734,6.804957407,1.62223588,2.034903788,19.42544331,4.453958809,0.589006894,0,1.748704983,3.236798837,2430000000,3400000000,417000000,544000000,6700000000,3290000000,0,4460000000,57800000000,2240000000,0,360000000,5640000000,0,6410000000,165000000,290000000,134000000,0,0,393000000,181000000,2880000000,293000000
140758,39.97,1.120889387,3.014089629,2.790220743,2.008793873,3.195917897,1.783172504,3.300417318,0.896073806,1.977943126,8.807425567,4.042695559,0.498998553,0,1.532356295,2.618502364,3360000000,4440000000,895000000,1450000000,67400000000,4990000000,51500000,6510000000,60500000000,11100000000,0,672000000,23300000000,0,24400000000,391000000,1080000000,30400000,0,0,1140000000,301000000,4880000000,8830000000
134873,64.90028,3.612462621,3.384140777,3.376754369,4.390086338,3.254878095,1.65499551,7.745102549,1.423445995,2.189212015,21.52013761,4.808989355,0.743981189,0,1.838073483,3.531579187,3720000000,13000000000,1000000000,2830000000,3980000000,10100000000,0,6690000000,22600000000,284000000,0,599000000,8440000000,0,3040000000,135000000,124000000,30500000,0,3960000000,300000000,301000000,1160000000,170000000
96462,47.3747,1.97684,3.360656095,3.207969231,2.288598805,3.210693964,1.93236355,4.633915976,1.653570414,2.022729467,12.77834959,4.363332699,0.635894911,0,1.654357515,2.995761538,2130000000,5360000000,444000000,869000000,15400000000,3150000000,0,4900000000,35200000000,1510000000,0,316000000,8930000000,0,5460000000,193000000,163000000,12100000,0,0,508000000,181000000,6130000000,628000000
197625,51.53318,2.427139786,3.380521944,3.556580057,2.671159084,3.233088179,1.8557594,5.264761866,1.606614429,2.011696497,14.58482621,4.504398771,0.594679679,0,1.635342857,3.032151823,4150000000,11700000000,2670000000,1160000000,31500000000,5770000000,0,11300000000,60300000000,4740000000,0,979000000,17000000000,0,10500000000,291000000,551000000,125000000,0,0,845000000,361000000,6740000000,906000000
8194,36.6684,0.986000617,2.365517284,4.2179,1.759539873,3.070742593,1.670782099,3.072347531,1.122407407,2.07652963,7.446171605,3.783564198,0.432696296,0,1.708022222,2.818411728,470000000,4490000000,285000000,79000000,2980000000,802000000,0,5140000000,6550000000,365000000,0,195000000,1680000000,0,1400000000,97400000,108000000,3580000,0,0,232000000,6790000,624000000,5190000000
112088,41.58,1.383892556,3.177192308,4.107379901,1.936070938,3.22371158,1.777815219,3.665184285,1.49066981,1.994566501,10.04498577,3.931660333,0.571793466,0,1.537217618,2.750371299,3280000000,7770000000,875000000,274000000,30500000000,2110000000,0,8620000000,57200000000,5090000000,0,454000000,24100000000,0,15800000000,300000000,632000000,716000,0,0,648000000,90300000,3760000000,3520000000
42158,47.77,1.238755136,3.069517825,3.362477644,1.749136866,3.224501208,1.718819637,3.284435347,1.657346828,1.847439879,9.105692598,3.822035814,0.542495015,0,1.553609215,2.697602719,690000000,3820000000,43300000000,104000000,10400000000,1470000000,0,1850000000,12800000000,1800000000,0,312000000,9970000000,0,3820000000,166000000,374000000,9240000,0,0,363000000,15600000,1250000000,1210000000
130575,46.01,1.826459642,3.319961587,3.472807777,2.090887972,3.224897667,1.718824038,4.219757502,1.511242768,2.052636606,12.39751143,4.232147133,0.623049222,0,1.597272006,2.89032224,2820000000,5620000000,510000000,153000000,20800000000,2400000000,36100000,4470000000,57500000000,5720000000,0,1290000000,20400000000,0,11700000000,321000000,321000000,17200000,0,0,686000000,117000000,3840000000,2320000000
21828,41.58,1.132497971,2.397333333,4.147581739,1.876681159,3.214345797,1.729031014,3.925503216,1.240612754,2.010269565,9.371263188,3.730779941,0.573286957,0,1.635109565,2.855916812,2040000000,1880000000,3030000000,236000000,4370000000,1070000000,0,3880000000,8900000000,821000000,0,445000000,12700000000,0,2400000000,105000000,130000000,358000,0,0,261000000,23700000,974000000,331000000
